customer_id,customer_first_name,customer_last_name,customer_email_address
AAAAAAAAAAODBAAA,Barbara             ,Carter                        ,Barbara.Carter@i7rYVrYABSnmMfVr.org               
AAAAAAAAABAFAAAA,Ariane              ,Fleming                       ,Ariane.Fleming@OXPoTfyL6dYHFc.com                 
AAAAAAAAABNCAAAA,Ada                 ,Payne                         ,Ada.Payne@GS.edu                                  
AAAAAAAAABNKAAAA,Thomas              ,Moore                         ,Thomas.Moore@Ygc70zPUCBQ1fAj3ag5.edu              
AAAAAAAAACIACAAA,Sherman             ,Manuel                        ,Sherman.Manuel@5.org                              
AAAAAAAAACMBBAAA,Catherine           ,Schwartz                      ,Catherine.Schwartz@t55qRp0y6AmM3a.com             
AAAAAAAAACNACAAA,Karen               ,Beasley                       ,Karen.Beasley@CbrES.edu                           
AAAAAAAAAEBIBAAA,Eugenie             ,Herrera                       ,Eugenie.Herrera@2NOE.com                          
AAAAAAAAAECKBAAA,Ed                  ,Upchurch                      ,Ed.Upchurch@eGEdA.org                             
AAAAAAAAAEEPAAAA,Benjamin            ,Allen                         ,Benjamin.Allen@4TYJSLieZVzUOzt.com                
AAAAAAAAAEGFAAAA,Julie               ,Williams                      ,Julie.Williams@P8JsqRqf8bP1.com                   
AAAAAAAAAEJIAAAA,Cheyenne            ,Welch                         ,Cheyenne.Welch@203dxtgC5Ftnj7Sj7.org              
AAAAAAAAAGGEAAAA,Donna               ,Smith                         ,Donna.Smith@fhXkdbnvjzzC1VKJq.edu                 
AAAAAAAAAGIBCAAA,David               ,Henderson                     ,David.Henderson@x.edu                             
AAAAAAAAAGLJBAAA,Mack                ,Tolbert                       ,Mack.Tolbert@F.edu                                
AAAAAAAAAHKFBAAA,Jesse               ,Velez                         ,Jesse.Velez@DPbYsKbViPAlIIY.com                   
AAAAAAAAAIOMBAAA,Michael             ,Gipson                        ,Michael.Gipson@O.com                              
AAAAAAAAAJJBCAAA,James               ,Braswell                      ,James.Braswell@vl0.com                            
AAAAAAAAAJJOBAAA,Daniel              ,Pantoja                       ,Daniel.Pantoja@Ecrl7PP1DbmJ.com                   
AAAAAAAAAJNHAAAA,Jennifer            ,Hinton                        ,Jennifer.Hinton@vn1.com                           
AAAAAAAAAKENBAAA,Lino                ,Jackson                       ,Lino.Jackson@9ejnDycH3m.com                       
AAAAAAAAAKPIBAAA,Chad                ,Wampler                       ,Chad.Wampler@3GPfE9pM8b.edu                       
AAAAAAAAALKBBAAA,Armando             ,Holloway                      ,Armando.Holloway@K9bgoOz26g.org                   
AAAAAAAAAMFEAAAA,Violet              ,Brink                         ,Violet.Brink@A.com                                
AAAAAAAAANEGBAAA,John                ,Selby                         ,John.Selby@TmCKg3Gz.com                           
AAAAAAAAANEMAAAA,Freida              ,Singer                        ,Freida.Singer@Dts089TKcvGafdtni.org               
AAAAAAAAAOIKBAAA,Sara                ,Harper                        ,Sara.Harper@ek2UIlZhbhFjJ6k.com                   
AAAAAAAAAOPHAAAA,Ralph               ,Turner                        ,Ralph.Turner@OahiB5.com                           
AAAAAAAAAPDLAAAA,Leona               ,Ford                          ,Leona.Ford@ZUbtRx8RL0.org                         
AAAAAAAAAPHOAAAA,Robert              ,Johnson                       ,Robert.Johnson@RFeuimZjLR.org                     
AAAAAAAAAPKMBAAA,Juanita             ,Patton                        ,Juanita.Patton@SzgxEvziU5vl2gqxJ.edu              
AAAAAAAABAFJAAAA,Kevin               ,Kelley                        ,Kevin.Kelley@ZEyi0ICzbuPDzKAX5.org                
AAAAAAAABAMAAAAA,,,
AAAAAAAABAOOAAAA,Nicolas             ,Rodriguez                     ,Nicolas.Rodriguez@dN.edu                          
AAAAAAAABAPCBAAA,Marcia              ,Appleton                      ,Marcia.Appleton@gkAx.com                          
AAAAAAAABCACCAAA,Matthew             ,Potter                        ,Matthew.Potter@6fjyyJn.edu                        
AAAAAAAABDAAAAAA,Steven              ,Venable                       ,Steven.Venable@0hA90vhfK7k9F4h.com                
AAAAAAAABDBEAAAA,Cesar               ,Wiley                         ,Cesar.Wiley@XLGcFKJRfAF31.org                     
AAAAAAAABDGDBAAA,Camille             ,Young                         ,Camille.Young@5Yu.edu                             
AAAAAAAABEGGBAAA,Iris                ,Matthews                      ,Iris.Matthews@rYdAQ9LTmV8HR.com                   
AAAAAAAABELMBAAA,Imogene             ,Little                        ,Imogene.Little@7l7VVV.com                         
AAAAAAAABENCBAAA,Wayne               ,Mayhew                        ,Wayne.Mayhew@elHkItEYCcR9bJb.edu                  
AAAAAAAABFFFBAAA,,,Kevin.Strong@xrN3D.edu                            
AAAAAAAABFOOAAAA,Vida                ,Crain                         ,Vida.Crain@z.com                                  
AAAAAAAABGNLBAAA,Jennifer            ,Robinson                      ,Jennifer.Robinson@ISrnj0HYj.edu                   
AAAAAAAABHDBAAAA,Mitch               ,Gonzalez                      ,Mitch.Gonzalez@hBjQRJKII7.com                     
AAAAAAAABHEPAAAA,Joseph              ,Lemon                         ,Joseph.Lemon@krHlcv.com                           
AAAAAAAABICAAAAA,,Caldwell                      ,Nicole.Caldwell@fxUZDOJmYXVZ.edu                  
AAAAAAAABJJKBAAA,Hobert              ,Leonard                       ,Hobert.Leonard@l8p8ko1Ly8GeYh2K.com               
AAAAAAAABJMIBAAA,Ruby                ,Simon                         ,Ruby.Simon@JU01I8Q056a.org                        
AAAAAAAABKKLBAAA,Victoria            ,Guy                           ,Victoria.Guy@dVY9OH29F.org                        
AAAAAAAABKPOBAAA,Martin              ,Lynch                         ,Martin.Lynch@z3EZcigUUvF.edu                      
AAAAAAAABNCEBAAA,Lucia               ,Carrasco                      ,Lucia.Carrasco@qA1kJ18RH.org                      
AAAAAAAABNFMBAAA,Alisa               ,Jordan                        ,Alisa.Jordan@3nXv0ADTc.edu                        
AAAAAAAABNLEBAAA,Goldie              ,Carson                        ,Goldie.Carson@5u91iyo.org                         
AAAAAAAABNLMAAAA,David               ,Allen                         ,David.Allen@s.edu                                 
AAAAAAAABPCFAAAA,Tiffany             ,Taggart                       ,
AAAAAAAACBDOAAAA,Rita                ,Huff                          ,Rita.Huff@kiJrU2NoAi.edu                          
AAAAAAAACBEDBAAA,Robert              ,Reyes                         ,Robert.Reyes@61yq89xtxO.edu                       
AAAAAAAACBENBAAA,Thomas              ,Fernandez                     ,Thomas.Fernandez@ZdbEgzGiKEJ5.org                 
AAAAAAAACCBFBAAA,James               ,Madrid                        ,James.Madrid@Myd1UidIx.edu                        
AAAAAAAACCHPBAAA,Monica              ,Black                         ,Monica.Black@zobP7lN.edu                          
AAAAAAAACCOOAAAA,Vernon              ,Mooney                        ,Vernon.Mooney@SYO1R0qQ66m.edu                     
AAAAAAAACDHBBAAA,Fred                ,Groves                        ,Fred.Groves@53uMf5kSpHt6.edu                      
AAAAAAAACDIFBAAA,Quentin             ,Clark                         ,Quentin.Clark@LEB1aM.edu                          
AAAAAAAACEOIAAAA,Tricia              ,Free                          ,Tricia.Free@7Qkb4JQ29q60Yz7.edu                   
AAAAAAAACFBLBAAA,Samuel              ,Alston                        ,Samuel.Alston@XDVh4MN7HGL0ha.com                  
AAAAAAAACFKGAAAA,Michael             ,Lilly                         ,Michael.Lilly@R8mILnpoJiDsO.com                   
AAAAAAAACGNFAAAA,Helen               ,Driscoll                      ,Helen.Driscoll@zYJ0EStexCk17v.org                 
AAAAAAAACHNEBAAA,Kenneth             ,Nelson                        ,Kenneth.Nelson@C.org                              
AAAAAAAACHOBCAAA,Charles             ,France                        ,Charles.France@f.com                              
AAAAAAAACHPDAAAA,Jaime               ,Hodges                        ,Jaime.Hodges@NhekXGnjpDsLSRyb9.org                
AAAAAAAACJECBAAA,Jennifer            ,Mahan                         ,Jennifer.Mahan@tnIayxoidjNM.edu                   
AAAAAAAACKLBBAAA,Ruth                ,Bright                        ,Ruth.Bright@x9y.com                               
AAAAAAAACLLHAAAA,Mark                ,Ortiz                         ,Mark.Ortiz@LE04hhytdHH.edu                        
AAAAAAAACLLLBAAA,Dalton              ,Kim                           ,Dalton.Kim@cN1o.com                               
AAAAAAAACMGNAAAA,William             ,Thomas                        ,William.Thomas@8gR0F6yQzm.org                     
AAAAAAAACMKJAAAA,Michell             ,Crawford                      ,Michell.Crawford@cjzvCzH1eM7y90kN1d.org           
AAAAAAAACNGFAAAA,Tina                ,Seidel                        ,Tina.Seidel@MogVB4ra0ii5jfrphsr.org               
AAAAAAAACOFKBAAA,Michael             ,Williams                      ,Michael.Williams@ER.org                           
AAAAAAAACPGCAAAA,Leroy               ,Pearson                       ,Leroy.Pearson@rCMgyapKv5TR.com                    
AAAAAAAACPKDBAAA,Lana                ,Coleman                       ,Lana.Coleman@Vg3.com                              
AAAAAAAACPPLAAAA,Marshall            ,Thompson                      ,Marshall.Thompson@5OIOgvHvQdr8t.edu               
AAAAAAAADBMACAAA,Earl                ,Rogers                        ,Earl.Rogers@1UNV6xokAYCuA0.edu                    
AAAAAAAADBPCAAAA,Michael             ,Maher                         ,Michael.Maher@yIcOp5B.com                         
AAAAAAAADCMNAAAA,Katherine           ,Thomas                        ,Katherine.Thomas@ju0P.org                         
AAAAAAAADCPFBAAA,Paul                ,Webster                       ,Paul.Webster@oBVOrINe984.com                      
AAAAAAAADDNBCAAA,Stanley             ,Tinsley                       ,Stanley.Tinsley@A1nRkcYFvPe3FR.com                
AAAAAAAADEFEAAAA,Glynda              ,Morris                        ,Glynda.Morris@T83.com                             
AAAAAAAADEGIBAAA,Eric                ,Guzman                        ,Eric.Guzman@fNtfzB4Bts8o5.edu                     
AAAAAAAADFIABAAA,,Harris                        ,Anna.Harris@UjXfZ3j9MOXKy.com                     
AAAAAAAADFOMAAAA,Joaquin             ,Sheppard                      ,Joaquin.Sheppard@TL.org                           
AAAAAAAADFPKAAAA,Christina           ,Scott                         ,Christina.Scott@vZNsL8C6C.edu                     
AAAAAAAADGGMBAAA,Henry               ,Peters                        ,Henry.Peters@DvfqG3gACgh.com                      
AAAAAAAADGHBBAAA,Bessie              ,Walker                        ,Bessie.Walker@1g.org                              
AAAAAAAADGOJAAAA,Penelope            ,Laney                         ,Penelope.Laney@b.com                              
AAAAAAAADIALBAAA,Renee               ,Hannon                        ,Renee.Hannon@FluaqzAmYg5A.org                     
AAAAAAAADIFACAAA,Beverly             ,Cole                          ,Beverly.Cole@LCmr324q6ucSXK.edu                   
AAAAAAAADJFGAAAA,Joseph              ,Miles                         ,Joseph.Miles@I4c.edu                              
AAAAAAAADJGPAAAA,Curtis              ,Huynh                         ,Curtis.Huynh@bZTAqZFlSzb.com                      
